

CREATE TABLE Personnel(
	idPersonnel INT AUTO_INCREMENT NOT NULL ,
	nom VARCHAR(20),
	prenom VARCHAR(20),
	dateNaissance DATE, 
	tempsTravailMensuel INT, 
	photo VARCHAR(50),
	nomFonction VARCHAR(20),
	PRIMARY KEY(idPersonnel)
);

CREATE TABLE specialise(
	idPersonnel INT NOT NULL,
	nomSpecialite VARCHAR(20) NOT NULL,
	PRIMARY KEY(idPersonnel, nomSpecialite)
);

CREATE TABLE Specialite(
	nom VARCHAR(20) NOT NULL,
	description VARCHAR(255),
	PRIMARY KEY(nom)
);

CREATE TABLE lie(
	nomFonction VARCHAR(20) NOT NULL,
	nomSpecialite VARCHAR(20) NOT NULL,
	PRIMARY KEY(nomFonction, nomSpecialite)
);

CREATE TABLE Fonction(
	nom VARCHAR(20) NOT NULL,
	description VARCHAR(255),
	PRIMARY KEY(nom)
);

CREATE TABLE travaille(
	idCreneaux INT NOT NULL,
	idPersonnel INT NOT NULL,
	PRIMARY KEY(idCreneaux, idPersonnel)
);

CREATE TABLE Creneaux(
	idCreneaux INT AUTO_INCREMENT NOT NULL,
	dateCreneaux DATE,
	heureDebut TIME,
	heureFin TIME,
	duree FLOAT,
	PRIMARY KEY(idCreneaux)
);

CREATE TABLE Contrainte(
	idContrainte INT AUTO_INCREMENT NOT NULL,
	nom VARCHAR(20),
	activation boolean,
	violation boolean,
	description VARCHAR(255),
	PRIMARY KEY(idContrainte)
);

CREATE TABLE besoin(
	idCreneaux INT NOT NULL,
	nomSpecialite VARCHAR(20) NOT NULL,
	nbPersonnel INT,
	PRIMARY KEY(idCreneaux, nomSpecialite)
);

ALTER TABLE Personnel
ADD FOREIGN KEY (nomFonction) 
REFERENCES Fonction(nom); 

ALTER TABLE specialise
ADD FOREIGN KEY (idPersonnel) REFERENCES Personnel(idPersonnel),
ADD FOREIGN KEY (nomSpecialite) REFERENCES Specialite(nom);

ALTER TABLE lie
ADD FOREIGN KEY (nomFonction) REFERENCES Fonction(nom),
ADD FOREIGN KEY (nomSpecialite) REFERENCES Specialite(nom);

ALTER TABLE travaille
ADD FOREIGN KEY (idCreneaux) 
REFERENCES Creneaux(idCreneaux),
ADD FOREIGN KEY (idPersonnel) 
REFERENCES Personnel(idPersonnel);

ALTER TABLE besoin
ADD FOREIGN KEY (idCreneaux) 
REFERENCES Creneaux(idCreneaux),
ADD FOREIGN KEY (nomSpecialite) 
REFERENCES Specialite(nom);

INSERT INTO specialite (nom)VALUES 
("Cardiologie"),
("Pediatrie"),
("Gynecologie");

INSERT INTO fonction (nom) VALUES 
("Docteur"), 
("Infirmier"), 
("Chirurgien"), 
("Sage-femme"), 
("Stagiaire");

INSERT INTO creneaux (dateCreneaux, heureDebut, heureFin, duree) VALUES
("2024-02-18", "09:30:00", "10:30:00", 1),
("2024-04-07", "12:45:00", "13:45:00", 1),
("2024-06-23", "15:20:00", "16:20:00", 1),
("2024-09-10", "18:10:00", "19:10:00", 1),
("2024-01-29", "08:55:00", "09:55:00", 1),
("2024-11-14", "14:30:00", "15:30:00", 1),
("2024-07-05", "11:40:00", "12:40:00", 1),
("2024-05-16", "13:15:00", "14:15:00", 1),
("2024-03-21", "16:00:00", "17:00:00", 1),
("2024-10-28", "10:25:00", "11:25:00", 1),
("2024-08-12", "12:40:00", "13:40:00", 1),
("2024-03-05", "17:55:00", "18:55:00", 1),
("2024-12-18", "07:30:00", "08:30:00", 1),
("2024-09-09", "19:10:00", "20:10:00", 1),
("2024-04-22", "21:45:00", "22:45:00", 1),
("2024-02-29", "14:30:00", "15:30:00", 1),
("2024-12-05", "08:05:00", "09:05:00", 1),
("2024-06-10", "15:35:00", "16:35:00", 1),
("2024-08-25", "11:00:00", "12:00:00", 1),
("2024-02-09", "07:30:00", "08:30:00", 1),
("2024-11-26", "23:45:00", "00:45:00", 1),
("2024-07-01", "10:15:00", "11:15:00", 1),
("2024-04-14", "17:00:00", "18:00:00", 1),
("2024-01-22", "10:45:00", "11:45:00", 1),
("2024-09-03", "14:25:00", "15:25:00", 1),
("2024-12-16", "16:55:00", "17:55:00", 1),
("2024-04-28", "18:35:00", "19:35:00", 1),
("2024-06-19", "08:10:00", "09:10:00", 1),
("2024-08-03", "11:55:00", "12:55:00", 1),
("2024-02-20", "13:30:00", "14:30:00", 1),
("2024-10-10", "20:05:00", "21:05:00", 1),
("2024-05-02", "22:40:00", "23:40:00", 1),
("2024-03-17", "11:50:00", "12:50:00", 1),
("2024-11-02", "14:25:00", "15:25:00", 1),
("2024-07-26", "18:00:00", "19:00:00", 1),
("2024-01-11", "09:35:00", "10:35:00", 1),
("2024-09-30", "13:10:00", "14:10:00", 1),
("2024-12-13", "15:45:00", "16:45:00", 1),
("2024-04-03", "08:20:00", "09:20:00", 1),
("2024-06-26", "20:55:00", "21:55:00", 1),
("2024-08-16", "13:30:00", "14:30:00", 1),
("2024-03-10", "11:05:00", "12:05:00", 1),
("2024-10-23", "17:40:00", "18:40:00", 1),
("2024-05-15", "09:15:00", "10:15:00", 1),
("2024-01-30", "12:50:00", "13:50:00", 1),
("2024-09-12", "14:25:00", "15:25:00", 1),
("2024-12-25", "16:00:00", "17:00:00", 1),
("2024-04-08", "18:30:00", "19:30:00", 1),
("2024-07-31", "08:05:00", "09:05:00", 1),
("2024-02-13", "14:40:00", "15:40:00", 1),
("2024-11-02", "18:15:00", "19:15:00", 1),
("2024-06-18", "21:50:00", "22:50:00", 1),
("2024-08-04", "07:25:00", "08:25:00", 1),
("2024-03-27", "13:00:00", "14:00:00", 1),
("2024-10-01", "16:35:00", "17:35:00", 1),
("2024-12-19", "10:10:00", "11:10:00", 1),
("2024-05-02", "12:45:00", "13:45:00", 1),
("2024-01-15", "16:20:00", "17:20:00", 1),
("2024-09-28", "08:55:00", "09:55:00", 1),
("2024-06-14", "10:30:00", "11:30:00", 1),
("2024-03-07", "15:45:00", "16:45:00", 1),
("2024-11-28", "18:20:00", "19:20:00", 1),
("2024-08-10", "21:10:00", "22:10:00", 1),
("2024-02-29", "12:35:00", "13:35:00", 1),
("2024-10-14", "16:00:00", "17:00:00", 1),
("2024-04-04", "13:25:00", "14:25:00", 1),
("2024-01-25", "15:50:00", "16:50:00", 1),
("2024-07-27", "08:15:00", "09:15:00", 1),
("2024-05-10", "21:00:00", "22:00:00", 1),
("2024-09-02", "11:30:00", "12:30:00", 1),
("2024-12-15", "14:55:00", "15:55:00", 1),
("2024-03-29", "17:35:00", "18:35:00", 1),
("2024-08-17", "07:00:00", "08:00:00", 1),
("2024-06-30", "19:30:00", "20:30:00", 1),
("2024-11-09", "09:05:00", "10:05:00", 1),
("2024-01-19", "22:40:00", "23:40:00", 1),
("2024-04-27", "11:10:00", "12:10:00", 1),
("2024-10-06", "14:45:00", "15:45:00", 1),
("2024-02-15", "18:20:00", "19:20:00", 1),
("2024-07-06", "10:55:00", "11:55:00", 1),
("2024-05-18", "13:30:00", "14:30:00", 1),
("2024-12-02", "16:05:00", "17:05:00", 1),
("2024-09-16", "20:40:00", "21:40:00", 1),
("2024-03-02", "08:15:00", "09:15:00", 1),
("2024-11-21", "22:50:00", "23:50:00", 1),
("2024-06-05", "11:25:00", "12:25:00", 1),
("2024-08-20", "14:00:00", "15:00:00", 1),
("2024-01-10", "07:35:00", "08:35:00", 1),
("2024-09-27", "12:10:00", "13:10:00", 1),
("2024-12-10", "15:45:00", "16:45:00", 1),
("2024-04-01", "08:30:00", "09:30:00", 1),
("2024-07-24", "20:05:00", "21:05:00", 1),
("2024-02-22", "13:40:00", "14:40:00", 1),
("2024-11-03", "16:15:00", "17:15:00", 1),
("2024-06-17", "19:50:00", "20:50:00", 1),
("2024-08-07", "08:25:00", "09:25:00", 1),
("2024-03-21", "14:00:00", "15:00:00", 1),
("2024-10-04", "17:35:00", "18:35:00", 1),
("2024-12-19", "11:10:00", "12:10:00", 1),
("2024-05-01", "12:45:00", "13:45:00", 1),
("2024-01-14", "15:20:00", "16:20:00", 1),
("2024-09-29", "07:55:00", "08:55:00", 1),
("2024-12-11", "18:30:00", "19:30:00", 1),
("2024-04-14", "08:55:00", "09:55:00", 1),
("2024-07-31", "21:30:00", "22:30:00", 1),
("2024-02-13", "10:05:00", "11:05:00", 1),
("2024-11-07", "13:40:00", "14:40:00", 1),
("2024-06-18", "16:15:00", "17:15:00", 1),
("2024-08-03", "19:50:00", "20:50:00", 1),
("2024-03-15", "11:25:00", "12:25:00", 1),
("2024-10-26", "14:00:00", "15:00:00", 1),
("2024-12-09", "16:35:00", "17:35:00", 1),
("2024-05-02", "19:10:00", "20:10:00", 1),
("2024-01-27", "21:45:00", "22:45:00", 1),
("2024-09-10", "10:20:00", "11:20:00", 1),
("2024-12-23", "13:55:00", "14:55:00", 1),
("2024-04-06", "17:30:00", "18:30:00", 1),
("2024-07-29", "08:05:00", "09:05:00", 1),
("2024-11-02", "12:50:00", "13:50:00", 1),
("2024-06-25", "15:25:00", "16:25:00", 1),
("2024-08-16", "18:00:00", "19:00:00", 1),
("2024-03-10", "21:35:00", "22:35:00", 1),
("2024-10-23", "09:10:00", "10:10:00", 1),
("2024-05-15", "11:45:00", "12:45:00", 1),
("2024-01-30", "14:20:00", "15:20:00", 1),
("2024-09-12", "08:45:00", "09:45:00", 1),
("2024-12-25", "12:20:00", "13:20:00", 1),
("2024-04-08", "16:55:00", "17:55:00", 1),
("2024-07-31", "19:30:00", "20:30:00", 1),
("2024-02-13", "11:05:00", "12:05:00", 1),
("2024-11-02", "14:40:00", "15:40:00", 1),
("2024-06-18", "17:15:00", "18:15:00", 1),
("2024-08-04", "10:50:00", "11:50:00", 1),
("2024-03-27", "12:25:00", "13:25:00", 1),
("2024-10-01", "14:00:00", "15:00:00", 1),
("2024-12-19", "16:35:00", "17:35:00", 1),
("2024-05-02", "08:05:00", "09:05:00", 1),
("2024-01-15", "19:40:00", "20:40:00", 1),
("2024-09-28", "11:15:00", "12:15:00", 1),
("2024-12-11", "13:50:00", "14:50:00", 1),
("2024-04-01", "15:25:00", "16:25:00", 1),
("2024-06-26", "18:00:00", "19:00:00", 1),
("2024-08-16", "09:30:00", "10:30:00", 1),
("2024-03-10", "13:05:00", "14:05:00", 1),
("2024-10-23", "16:40:00", "17:40:00", 1),
("2024-05-15", "10:15:00", "11:15:00", 1),
("2024-01-30", "11:50:00", "12:50:00", 1),
("2024-09-12", "14:25:00", "15:25:00", 1),
("2024-12-25", "16:00:00", "17:00:00", 1),
("2024-04-08", "17:35:00", "18:35:00", 1),
("2024-07-31", "08:00:00", "09:00:00", 1),
("2024-02-13", "13:40:00", "14:40:00", 1),
("2024-11-02", "16:15:00", "17:15:00", 1),
("2024-06-18", "19:50:00", "20:50:00", 1),
("2024-08-04", "08:25:00", "09:25:00", 1),
("2024-03-27", "13:00:00", "14:00:00", 1),
("2024-10-01", "17:35:00", "18:35:00", 1),
("2024-12-19", "11:10:00", "12:10:00", 1),
("2024-05-02", "12:45:00", "13:45:00", 1),
("2024-01-14", "15:20:00", "16:20:00", 1),
("2024-09-29", "07:55:00", "08:55:00", 1),
("2024-12-11", "18:30:00", "19:30:00", 1),
("2024-04-14", "08:55:00", "09:55:00", 1),
("2024-07-31", "21:30:00", "22:30:00", 1),
("2024-02-13", "10:05:00", "11:05:00", 1),
("2024-11-07", "13:40:00", "14:40:00", 1),
("2024-06-18", "16:15:00", "17:15:00", 1),
("2024-08-03", "19:50:00", "20:50:00", 1),
("2024-03-15", "11:25:00", "12:25:00", 1),
("2024-10-26", "14:00:00", "15:00:00", 1),
("2024-12-09", "16:35:00", "17:35:00", 1),
("2024-05-02", "19:10:00", "20:10:00", 1),
("2024-01-27", "21:45:00", "22:45:00", 1),
("2024-09-10", "10:20:00", "11:20:00", 1),
("2024-12-23", "13:55:00", "14:55:00", 1),
("2024-04-06", "17:30:00", "18:30:00", 1),
("2024-01-03", "17:00:00", "18:00:00", 1),
("2024-07-29", "08:05:00", "09:05:00", 1);

INSERT INTO personnel (nom, prenom, dateNaissance, tempsTravailMensuel, nomFonction) VALUES 
("Dubouloy", "Grégory", "2004-07-11", 141, "Docteur"),
("Delemasure", "Gabriel", "2004-03-21", 141, "Sage-femme"),
("Dufour", "Benoit", "2004-12-30", 141, "Infirmier"),
("Beaucousin", "Enzo", "2005-01-25", 141, "Chirurgien"),
("Lemieux", "Aurélie", "2000-02-20", 143, "Sage-femme"),
("Gagnon", "Hugo", "1995-12-10", 129, "Infirmier"),
("Leclerc", "Mélissa", "1982-07-07", 107, "Chirurgien"),
("Bouchard", "Léa", "1973-04-15", 89, "Sage-femme"),
("Martel", "Théo", "2003-01-03", 148, "Infirmier"),
("Simard", "Léane", "1963-09-25", 67, "Chirurgien"),
("Gagné", "Thomas", "1990-05-12", 121, "Sage-femme"),
("Couture", "Clara", "1979-08-28", 100, "Infirmier"),
("Lavoie", "Alexis", "1987-11-02", 116, "Docteur"),
("Pelletier", "Léonie", "1999-04-22", 105, "Chirurgien"),
("Blanchet", "Étienne", "1978-12-14", 87, "Sage-femme"),
("Ouellet", "Maëlle", "1965-10-07", 72, "Infirmier"),
("Roy", "Jules", "1989-03-30", 126, "Chirurgien"),
("Fournier", "Noémie", "1993-07-19", 114, "Docteur"),
("Bergeron", "Vincent", "1985-01-08", 109, "Sage-femme"),
("Lapointe", "Émilie", "1969-06-11", 79, "Infirmier"),
("Gauthier", "Mathéo", "1996-08-24", 133, "Chirurgien"),
("Lefebvre", "Mia", "1971-02-01", 82, "Sage-femme"),
("Bélanger", "William", "2002-11-27", 147, "Infirmier"),
("Caron", "Chloé", "1983-09-13", 101, "Chirurgien"),
("Lévesque", "Nathan", "1976-04-05", 92, "Sage-femme"),
("Morin", "Rosalie", "1992-12-25", 112, "Infirmier"),
("Dupuis", "Charles", "2004-10-15", 143, "Chirurgien"),
("Guay", "Sophie", "1974-05-18", 94, "Sage-femme"),
("Fortin", "Jacob", "1980-01-30", 104, "Infirmier"),
("Lemay", "Léa", "1997-06-23", 130, "Docteur"),
("Girard", "Nolan", "1977-11-16", 99, "Chirurgien"),
("Vachon", "Marianne", "2001-03-08", 145, "Sage-femme"),
("Houle", "Eliott", "1962-08-03", 69, "Infirmier"),
("Lajoie", "Rose", "1986-12-21", 108, "Chirurgien"),
("Mercier", "Léo", "1970-02-13", 80, "Sage-femme"),
("Boisvert", "Zoé", "1994-09-06", 118, "Infirmier"),
("Grenier", "Victor", "2000-07-28", 142, "Chirurgien"),
("Côté", "Camille", "1984-04-10", 97, "Sage-femme"),
("Gagnon", "Xavier", "1991-10-04", 123, "Docteur"),
("Morissette", "Juliette", "1966-05-27", 74, "Infirmier"),
("Allard", "Tristan", "1981-01-17", 105, "Chirurgien"),
("Lemelin", "Léanne", "1998-03-12", 129, "Sage-femme"),
("Dupont", "William", "1964-06-08", 73, "Infirmier"),
("Bertrand", "Mia", "2003-08-01", 150, "Chirurgien"),
("Gélinas", "Ethan", "1995-01-24", 125, "Docteur"),
("Nadeau", "Laurie", "1989-04-15", 112, "Sage-femme"),
("Desjardins", "Thomas", "1972-09-09", 86, "Infirmier"),
("Boucher", "Maëlys", "1960-12-03", 66, "Chirurgien"),
("Thibault", "Samuel", "1999-07-16", 141, "Sage-femme"),
("Poulin", "Clémence", "1988-02-28", 116, "Infirmier"),
("Ferland", "Émile", "1979-06-20", 93, "Chirurgien"),
("Moreau", "Charlotte", "1990-12-12", 120, "Docteur"),
("Cormier", "Jules", "1973-03-05", 102, "Sage-femme"),
("Dumas", "Jade", "1987-08-23", 123, "Infirmier"),
("Leblanc", "Logan", "2002-04-18", 149, "Chirurgien"),
("Roy", "Florence", "1974-01-10", 91, "Sage-femme"),
("Hamel", "Anthony", "1965-06-02", 79, "Infirmier"),
("Beaulieu", "Élisabeth", "1993-10-25", 132, "Chirurgien"),
("Perron", "Milo", "2001-05-14", 146, "Docteur"),
("Piaire", "Deiporcs", "1974-05-11", 131, "Docteur"),
("Boodrah", "Hommard", "1987-04-30", 151, "Infirmier"),
("Broohard", "Tierri", "2005-01-24", 112, "Chirurgien"),
("Rousseau", "Gabriel", "1985-02-10", 99, "Sage-femme"),
("Larose", "Charlotte", "1993-07-15", 116, "Infirmier"),
("Beauchemin", "Léa", "1970-11-25", 85, "Chirurgien"),
("Bérubé", "Olivier", "1998-04-22", 117, "Docteur"),
("Renaud", "Maëlys", "1981-09-18", 102, "Infirmier"),
("Larivière", "Étienne", "1990-06-07", 111, "Chirurgien"),
("Duchesne", "Liam", "1966-12-30", 76, "Sage-femme"),
("Couturier", "Clémence", "2003-03-15", 136, "Docteur"),
("Léger", "Rosalie", "1975-10-12", 88, "Infirmier"),
("Ferland", "Thomas", "1989-04-08", 95, "Sage-femme"),
("Lemay", "Jade", "1995-01-20", 125, "Chirurgien"),
("Perron", "William", "1972-08-05", 88, "Infirmier"),
("Ouellet", "Léanne", "1984-11-10", 96, "Docteur"),
("Poulin", "Camille", "1999-06-23", 122, "Sage-femme"),
("Beaumont", "Léa", "1978-09-20", 91, "Infirmier"),
("Benoit", "Noah", "1991-02-14", 119, "Chirurgien"),
("Desjardins", "Léa", "1969-04-15", 83, "Sage-femme"),
("Lavoie", "William", "1994-12-07", 121, "Infirmier"),
("Gagnon", "Émilie", "1977-03-25", 95, "Chirurgien"),
("Poirier", "Mia", "1992-01-12", 113, "Docteur"),
("Tanguay", "Thomas", "1980-07-18", 95, "Sage-femme"),
("Lefebvre", "Élisabeth", "2001-10-01", 138, "Infirmier"),
("Rioux", "Xavier", "1976-11-26", 94, "Chirurgien"),
("Bilodeau", "Léa", "1988-04-29", 105, "Sage-femme"),
("Leclerc", "Thomas", "1997-02-15", 119, "Docteur"),
("Martineau", "Mia", "1973-06-18", 82, "Infirmier"),
("Gagnon", "Maël", "2000-08-22", 142, "Chirurgien"),
("Boudreau", "Émilie", "1984-05-12", 96, "Sage-femme"),
("Larose", "Alexis", "1993-03-08", 113, "Infirmier"),
("Dupont", "Léa", "1968-09-05", 84, "Chirurgien"),
("Dufour", "Noah", "1995-04-14", 119, "Sage-femme"),
("Gagné", "Laurie", "1981-11-19", 91, "Infirmier"),
("Simard", "Étienne", "1967-02-10", 72, "Chirurgien"),
("Larocque", "Zoé", "2002-07-01", 142, "Docteur"),
("Renaud", "Émilie", "1974-01-05", 93, "Sage-femme"),
("Boucher", "Olivier", "1988-12-20", 98, "Infirmier"),
("Ménard", "Laurie", "1999-10-14", 125, "Chirurgien"),
("Lavoie", "Léo", "1983-08-28", 106, "Sage-femme"),
("Côté", "Zoé", "1990-05-17", 121, "Infirmier"),
("Deschamps", "Thomas", "1977-02-09", 92, "Chirurgien"),
("Béchard", "Mia", "1985-09-01", 86, "Docteur"),
("Tremblay", "Camille", "2004-11-27", 141, "Sage-femme"),
("Dumas", "Olivier", "1971-06-10", 96, "Infirmier"),
("St-Pierre", "Élisabeth", "1961-12-03", 69, "Chirurgien"),
("Caron", "Zoé", "1996-04-18", 118, "Docteur"),
("Roy", "William", "1982-08-23", 90, "Sage-femme"),
("Gélinas", "Charlotte", "1993-05-14", 111, "Infirmier"),
("Larivière", "Étienne", "1979-10-08", 92, "Chirurgien"),
("Bélanger", "Noémie", "1987-07-22", 100, "Docteur"),
("Poulin", "Léo", "1991-02-15", 121, "Sage-femme"),
("Bergeron", "Mia", "1974-06-18", 89, "Infirmier"),
("Lévesque", "Thomas", "2002-10-25", 141, "Chirurgien"),
("Dubois", "Émilie", "1968-04-12", 78, "Sage-femme"),
("Tanguay", "Émile", "1983-11-28", 104, "Infirmier"),
("Dion", "Maëlys", "1998-05-07", 116, "Chirurgien"),
("Morin", "Étienne", "1975-08-15", 87, "Sage-femme"),
("Martineau", "Léa", "1993-03-22", 116, "Infirmier"),
("Lamoureux", "Thomas", "1989-01-10", 105, "Chirurgien"),
("Lefebvre", "Charlotte", "1996-05-17", 118, "Chirurgien"),
("Dubois", "Olivier", "1978-09-22", 84, "Infirmier"),
("Gagnon", "Maëlys", "1985-12-10", 96, "Docteur"),
("Bilodeau", "Thomas", "1993-02-05", 114, "Sage-femme"),
("Beauchamp", "Léa", "1971-11-30", 90, "Chirurgien"),
("Dion", "Émile", "2001-04-15", 135, "Infirmier"),
("Dufour", "Mia", "1988-08-18", 102, "Sage-femme"),
("Côté", "Liam", "1997-07-01", 114, "Docteur"),
("Leblanc", "Zoé", "1969-03-25", 82, "Chirurgien"),
("Poulin", "Alexandre", "1982-10-15", 98, "Sage-femme"),
("Larose", "Émilie", "1995-09-22", 120, "Infirmier"),
("Gélinas", "Léo", "1977-01-10", 91, "Docteur"),
("Morin", "Élisabeth", "1986-12-28", 105, "Sage-femme"),
("Martineau", "Maël", "1999-04-18", 129, "Chirurgien"),
("Duchesne", "Charlotte", "1965-11-20", 75, "Infirmier"),
("Larocque", "Thomas", "2002-01-15", 137, "Docteur"),
("Beaumont", "Léa", "1974-06-05", 90, "Sage-femme"),
("Gagnon", "William", "1989-03-10", 99, "Infirmier"),
("Tanguay", "Élisabeth", "1992-08-22", 114, "Chirurgien"),
("Bérubé", "Émile", "1979-01-30", 92, "Sage-femme"),
("Renaud", "Laurie", "1983-06-18", 105, "Docteur"),
("Poulin", "Lucas", "1994-05-25", 116, "Infirmier"),
("Gagné", "Olivier", "1976-02-12", 92, "Chirurgien"),
("Leclerc", "Zoé", "1987-11-15", 105, "Sage-femme"),
("Bergeron", "Noah", "2003-09-01", 142, "Docteur"),
("Lavoie", "Émilie", "1973-04-07", 81, "Infirmier"),
("Boucher", "William", "1998-10-18", 115, "Chirurgien"),
("Lefebvre", "Élisabeth", "1981-07-22", 97, "Sage-femme"),
("Roy", "Alexandre", "1995-03-10", 123, "Docteur"),
("Dumas", "Émilie", "1968-06-28", 78, "Infirmier"),
("Renaud", "Étienne", "1972-01-15", 95, "Chirurgien"),
("Beauchemin", "Léa", "1989-08-05", 106, "Sage-femme"),
("Dufour", "Thomas", "2004-12-20", 139, "Docteur"),
("Martineau", "Léa", "1977-05-22", 99, "Sage-femme"),
("Gélinas", "Léo", "1983-09-30", 95, "Infirmier"),
("Bertrand", "Zoé", "1990-12-15", 117, "Chirurgien"),
("Lapierre", "Liam", "2002-04-10", 142, "Docteur"),
("Roy", "Élisabeth", "1975-11-28", 93, "Sage-femme"),
("Duchesne", "Maël", "1967-09-18", 74, "Infirmier"),
("Simard", "Léa", "1986-06-01", 92, "Chirurgien"),
("Tanguay", "Noah", "1999-08-12", 117, "Sage-femme"),
("Bilodeau", "Émilie", "1972-05-05", 84, "Docteur"),
("Larivière", "Léo", "1988-02-20", 99, "Infirmier"),
("Dubeau", "Léa", "1996-10-01", 119, "Chirurgien"),
("Côté", "Élisabeth", "1979-11-10", 98, "Sage-femme"),
("Bérubé", "Thomas", "2001-12-28", 135, "Infirmier"),
("Gagnon", "Mia", "1968-09-15", 73, "Chirurgien"),
("Larose", "William", "1994-01-02", 97, "Docteur"),
("Gélinas", "Élisabeth", "1985-03-20", 108, "Sage-femme"),
("Morin", "Étienne", "1970-06-15", 83, "Infirmier"),
("Martineau", "Élisabeth", "1997-10-18", 125, "Chirurgien"),
("Duchesne", "Olivier", "1982-08-10", 91, "Sage-femme"),
("Larivière", "Maël", "1993-07-01", 120, "Infirmier"),
("Beauchamp", "Élisabeth", "1977-04-15", 89, "Chirurgien"),
("Dion", "Étienne", "1989-11-22", 95, "Sage-femme"),
("Dufour", "Léa", "1996-02-28", 117, "Docteur"),
("Côté", "Liam", "1973-09-10", 95, "Infirmier"),
("Leblanc", "Élisabeth", "1988-05-22", 100, "Chirurgien");

INSERT INTO specialise (idPersonnel, nomSpecialite) VALUES 
(1, "Cardiologie"),
(2, "Pediatrie"),
(3, "Gynecologie"),
(4, "Cardiologie"),
(5, "Pediatrie"),
(6, "Gynecologie"),
(7, "Cardiologie"),
(8, "Pediatrie"),
(9, "Gynecologie"),
(10, "Cardiologie"),
(11, "Pediatrie"),
(12, "Gynecologie"),
(13, "Cardiologie"),
(14, "Pediatrie"),
(15, "Gynecologie"),
(16, "Cardiologie"),
(17, "Pediatrie"),
(18, "Gynecologie"),
(19, "Cardiologie"),
(20, "Pediatrie"),
(21, "Gynecologie"),
(22, "Cardiologie"),
(23, "Pediatrie"),
(24, "Gynecologie"),
(25, "Cardiologie"),
(26, "Pediatrie"),
(27, "Gynecologie"),
(28, "Cardiologie"),
(29, "Pediatrie"),
(30, "Gynecologie"),
(31, "Cardiologie"),
(32, "Pediatrie"),
(33, "Gynecologie"),
(34, "Cardiologie"),
(35, "Pediatrie"),
(36, "Gynecologie"),
(37, "Cardiologie"),
(38, "Pediatrie"),
(39, "Gynecologie"),
(40, "Cardiologie"),
(41, "Pediatrie"),
(42, "Gynecologie"),
(43, "Cardiologie"),
(44, "Pediatrie"),
(45, "Gynecologie"),
(46, "Cardiologie"),
(47, "Pediatrie"),
(48, "Gynecologie"),
(49, "Cardiologie"),
(50, "Pediatrie"),
(51, "Gynecologie"),
(52, "Cardiologie"),
(53, "Pediatrie"),
(54, "Gynecologie"),
(55, "Cardiologie"),
(56, "Pediatrie"),
(57, "Gynecologie"),
(58, "Cardiologie"),
(59, "Pediatrie"),
(60, "Gynecologie"),
(61, "Cardiologie"),
(62, "Pediatrie"),
(63, "Gynecologie"),
(64, "Cardiologie"),
(65, "Pediatrie"),
(66, "Gynecologie"),
(67, "Cardiologie"),
(68, "Pediatrie"),
(69, "Gynecologie"),
(70, "Cardiologie"),
(71, "Pediatrie"),
(72, "Gynecologie"),
(73, "Cardiologie"),
(74, "Pediatrie"),
(75, "Gynecologie"),
(76, "Cardiologie"),
(77, "Pediatrie"),
(78, "Gynecologie"),
(79, "Cardiologie"),
(80, "Pediatrie"),
(81, "Gynecologie"),
(82, "Cardiologie"),
(83, "Pediatrie"),
(84, "Gynecologie"),
(85, "Cardiologie"),
(86, "Pediatrie"),
(87, "Gynecologie"),
(88, "Cardiologie"),
(89, "Pediatrie"),
(90, "Gynecologie"),
(91, "Cardiologie"),
(92, "Pediatrie"),
(93, "Gynecologie"),
(94, "Cardiologie"),
(95, "Pediatrie"),
(96, "Gynecologie"),
(97, "Cardiologie"),
(98, "Pediatrie"),
(99, "Gynecologie"),
(100, "Cardiologie"),
(101, "Pediatrie"),
(102, "Gynecologie"),
(103, "Cardiologie"),
(104, "Pediatrie"),
(105, "Gynecologie"),
(106, "Cardiologie"),
(107, "Pediatrie"),
(108, "Gynecologie"),
(109, "Cardiologie"),
(110, "Pediatrie"),
(111, "Gynecologie"),
(112, "Cardiologie"),
(113, "Pediatrie"),
(114, "Gynecologie"),
(115, "Cardiologie"),
(116, "Pediatrie"),
(117, "Gynecologie"),
(118, "Cardiologie"),
(119, "Pediatrie"),
(120, "Gynecologie"),
(121, "Cardiologie"),
(122, "Pediatrie"),
(123, "Gynecologie"),
(124, "Cardiologie"),
(125, "Pediatrie"),
(126, "Gynecologie"),
(127, "Cardiologie"),
(128, "Pediatrie"),
(129, "Gynecologie"),
(130, "Cardiologie"),
(131, "Pediatrie"),
(132, "Gynecologie"),
(133, "Cardiologie"),
(134, "Pediatrie"),
(135, "Gynecologie"),
(136, "Cardiologie"),
(137, "Pediatrie"),
(138, "Gynecologie"),
(139, "Cardiologie"),
(140, "Pediatrie"),
(141, "Gynecologie"),
(142, "Cardiologie"),
(143, "Pediatrie"),
(144, "Gynecologie"),
(145, "Cardiologie"),
(146, "Pediatrie"),
(147, "Gynecologie"),
(148, "Cardiologie"),
(149, "Pediatrie"),
(150, "Gynecologie"),
(151, "Cardiologie"),
(152, "Pediatrie"),
(153, "Gynecologie"),
(154, "Cardiologie"),
(155, "Pediatrie"),
(156, "Gynecologie"),
(157, "Cardiologie"),
(158, "Pediatrie"),
(159, "Gynecologie"),
(160, "Cardiologie"),
(161, "Pediatrie"),
(162, "Gynecologie"),
(163, "Cardiologie"),
(164, "Pediatrie"),
(165, "Gynecologie"),
(166, "Cardiologie"),
(167, "Pediatrie"),
(168, "Gynecologie"),
(169, "Cardiologie"),
(170, "Pediatrie"),
(171, "Gynecologie"),
(172, "Cardiologie"),
(173, "Pediatrie"),
(174, "Gynecologie"),
(175, "Cardiologie"),
(176, "Pediatrie"),
(177, "Gynecologie"),
(178, "Cardiologie");

INSERT INTO besoin (idCreneaux, nomSpecialite, nbPersonnel) VALUES
(1, "Cardiologie", 3),
(2, "Pediatrie", 23),
(3, "Gynecologie", 12),
(4, "Cardiologie", 5),
(5, "Pediatrie", 18),
(6, "Gynecologie", 8),
(7, "Cardiologie", 9),
(8, "Pediatrie", 14),
(9, "Gynecologie", 6),
(10, "Cardiologie", 3),
(11, "Pediatrie", 22),
(12, "Gynecologie", 11),
(13, "Cardiologie", 8),
(14, "Pediatrie", 19),
(15, "Gynecologie", 4),
(16, "Cardiologie", 10),
(17, "Pediatrie", 16),
(18, "Gynecologie", 7),
(19, "Cardiologie", 4),
(20, "Pediatrie", 21),
(21, "Gynecologie", 5),
(22, "Cardiologie", 6),
(23, "Pediatrie", 17),
(24, "Gynecologie", 9),
(25, "Cardiologie", 7),
(26, "Pediatrie", 14),
(27, "Gynecologie", 6),
(28, "Cardiologie", 5),
(29, "Pediatrie", 18),
(30, "Gynecologie", 9),
(31, "Cardiologie", 3),
(32, "Pediatrie", 20),
(33, "Gynecologie", 11),
(34, "Cardiologie", 8),
(35, "Pediatrie", 15),
(36, "Gynecologie", 7),
(37, "Cardiologie", 9),
(38, "Pediatrie", 16),
(39, "Gynecologie", 5),
(40, "Cardiologie", 6),
(41, "Pediatrie", 22),
(42, "Gynecologie", 4),
(43, "Cardiologie", 7),
(44, "Pediatrie", 19),
(45, "Gynecologie", 3),
(46, "Cardiologie", 8),
(47, "Pediatrie", 14),
(48, "Gynecologie", 10),
(49, "Cardiologie", 4),
(50, "Pediatrie", 21),
(51, "Gynecologie", 6),
(52, "Cardiologie", 5),
(53, "Pediatrie", 18),
(54, "Gynecologie", 9),
(55, "Cardiologie", 3),
(56, "Pediatrie", 20),
(57, "Gynecologie", 11),
(58, "Cardiologie", 8),
(59, "Pediatrie", 15),
(60, "Gynecologie", 7),
(61, "Cardiologie", 9),
(62, "Pediatrie", 16),
(63, "Gynecologie", 5),
(64, "Cardiologie", 6),
(65, "Pediatrie", 22),
(66, "Gynecologie", 4),
(67, "Cardiologie", 7),
(68, "Pediatrie", 19),
(69, "Gynecologie", 3),
(70, "Cardiologie", 8),
(71, "Pediatrie", 14),
(72, "Gynecologie", 10),
(73, "Cardiologie", 4),
(74, "Pediatrie", 21),
(75, "Gynecologie", 6),
(76, "Cardiologie", 5),
(77, "Pediatrie", 18),
(78, "Gynecologie", 9),
(79, "Cardiologie", 3),
(80, "Pediatrie", 20),
(81, "Gynecologie", 11),
(82, "Cardiologie", 8),
(83, "Pediatrie", 15),
(84, "Gynecologie", 7),
(85, "Cardiologie", 9),
(86, "Pediatrie", 16),
(87, "Gynecologie", 5),
(88, "Cardiologie", 6),
(89, "Pediatrie", 22),
(90, "Gynecologie", 4),
(91, "Cardiologie", 7),
(92, "Pediatrie", 19),
(93, "Gynecologie", 3),
(94, "Cardiologie", 8),
(95, "Pediatrie", 14),
(96, "Gynecologie", 10),
(97, "Cardiologie", 4),
(98, "Pediatrie", 21),
(99, "Gynecologie", 6),
(100, "Cardiologie", 5),
(101, "Pediatrie", 18),
(102, "Gynecologie", 9),
(103, "Cardiologie", 3),
(104, "Pediatrie", 20),
(105, "Gynecologie", 11),
(106, "Cardiologie", 8),
(107, "Pediatrie", 15),
(108, "Gynecologie", 7),
(109, "Cardiologie", 9),
(110, "Pediatrie", 16),
(111, "Gynecologie", 5),
(112, "Cardiologie", 6),
(113, "Pediatrie", 22),
(114, "Gynecologie", 4),
(115, "Cardiologie", 7),
(116, "Pediatrie", 14),
(117, "Gynecologie", 3),
(118, "Cardiologie", 8),
(119, "Pediatrie", 14),
(120, "Gynecologie", 10),
(121, "Cardiologie", 4),
(122, "Pediatrie", 21),
(123, "Gynecologie", 6),
(124, "Cardiologie", 5),
(125, "Pediatrie", 18),
(126, "Gynecologie", 9),
(127, "Cardiologie", 3),
(128, "Pediatrie", 20),
(129, "Gynecologie", 11),
(130, "Cardiologie", 8),
(131, "Pediatrie", 15),
(132, "Gynecologie", 7),
(133, "Cardiologie", 9),
(134, "Pediatrie", 16),
(135, "Gynecologie", 5),
(136, "Cardiologie", 6),
(137, "Pediatrie", 22),
(138, "Gynecologie", 4),
(139, "Cardiologie", 7),
(140, "Pediatrie", 19),
(141, "Gynecologie", 3),
(142, "Cardiologie", 8),
(143, "Pediatrie", 14),
(144, "Gynecologie", 10),
(145, "Cardiologie", 4),
(146, "Pediatrie", 21),
(147, "Gynecologie", 6),
(148, "Cardiologie", 5),
(149, "Pediatrie", 18),
(150, "Gynecologie", 9),
(151, "Cardiologie", 3),
(152, "Pediatrie", 20),
(153, "Gynecologie", 11),
(154, "Cardiologie", 8),
(155, "Pediatrie", 15),
(156, "Gynecologie", 7),
(157, "Cardiologie", 9),
(158, "Pediatrie", 16),
(159, "Gynecologie", 5),
(160, "Cardiologie", 6),
(161, "Pediatrie", 22),
(162, "Gynecologie", 4),
(163, "Cardiologie", 7),
(164, "Pediatrie", 19),
(165, "Gynecologie", 3),
(166, "Cardiologie", 8),
(167, "Pediatrie", 14),
(168, "Gynecologie", 10),
(169, "Cardiologie", 4),
(170, "Pediatrie", 21),
(171, "Gynecologie", 6),
(172, "Cardiologie", 5),
(173, "Pediatrie", 18),
(174, "Gynecologie", 9),
(175, "Cardiologie", 3),
(176, "Pediatrie", 20),
(177, "Gynecologie", 11);

INSERT INTO travaille (idPersonnel, idCreneaux) VALUES 
(1, 47), 
(145, 101),
(54, 9),
(90, 169),
(136, 121),
(52, 83),
(37, 26),
(56, 159),
(84, 14),
(79, 92),
(10, 143),
(53, 15),
(55, 8),
(66, 35),
(110, 102),
(20, 146),
(26, 99),
(142, 50),
(117, 111),
(76, 27),
(165, 69),
(12, 114),
(158, 168),
(138, 97),
(127, 62),
(99, 172),
(17, 77),
(114, 39),
(7, 148),
(3, 25),
(106, 71),
(122, 57),
(44, 19),
(45, 16),
(85, 126),
(108, 88),
(128, 49),
(69, 98),
(58, 21),
(174, 141),
(95, 167),
(41, 64),
(130, 30),
(121, 132),
(145, 104),
(156, 73),
(96, 59),
(36, 76),
(112, 70),
(155, 170),
(66, 133),
(63, 105),
(73, 134),
(62, 107),
(1, 125),
(129, 45),
(16, 158),
(23, 22),
(76, 169),
(85, 116),
(109, 3),
(84, 75),
(175, 18),
(40, 8),
(24, 91),
(64, 116),
(103, 87),
(142, 55),
(28, 120),
(97, 37),
(144, 15),
(123, 114),
(91, 32),
(68, 52),
(25, 31),
(101, 138),
(134, 149),
(117, 87),
(104, 106),
(139, 152),
(21, 93),
(67, 136),
(89, 92),
(163, 68),
(18, 107),
(149, 79),
(118, 32),
(71, 128),
(156, 4),
(166, 116),
(169, 123),
(78, 36),
(77, 94),
(12, 2),
(136, 28),
(7, 105),
(74, 99),
(14, 149),
(115, 26),
(55, 120),
(130, 83),
(47, 129),
(17, 121),
(148, 50),
(59, 56),
(65, 75),
(46, 37),
(33, 65),
(114, 131),
(75, 110),
(98, 104),
(39, 52),
(11, 8),
(93, 163),
(49, 158),
(106, 70),
(154, 108),
(116, 103),
(95, 168),
(42, 3),
(143, 89),
(33, 139),
(88, 93),
(117, 41),
(158, 124),
(7, 150),
(19, 12),
(94, 35),
(51, 58),
(158, 40),
(32, 123),
(13, 26),
(34, 1),
(29, 79),
(53, 97),
(8, 63),
(130, 2),
(31, 12),
(109, 121),
(174, 1),
(3, 108),
(140, 60),
(139, 29),
(22, 26),
(133, 16),
(125, 75),
(61, 144),
(35, 11),
(5, 100),
(61, 31),
(145, 118),
(48, 134),
(169, 118),
(117, 139),
(132, 110),
(67, 104),
(36, 115),
(59, 81),
(161, 31),
(87, 67),
(155, 137),
(86, 5),
(151, 1),
(126, 14),
(172, 27),
(20, 78),
(91, 73),
(124, 146),
(1, 66),
(109, 102),
(10, 69),
(144, 47),
(147, 45),
(101, 12),
(19, 34),
(104, 23),
(109, 34),
(65, 84),
(91, 112),
(30, 4),
(93, 168),
(120, 96),
(145, 18),
(59, 31),
(176, 31),
(126, 20),
(47, 111),
(116, 74),
(144, 33),
(94, 147),
(53, 75),
(85, 21),
(112, 131),
(86, 1),
(157, 71),
(1, 68),
(106, 117),
(71, 148),
(161, 50),
(24, 115),
(98, 36),
(127, 66),
(66, 111),
(52, 137),
(131, 71),
(123, 108),
(16, 77),
(58, 36),
(137, 21),
(42, 72),
(64, 77),
(124, 131),
(136, 53),
(55, 77),
(84, 21),
(144, 65),
(111, 14),
(134, 42),
(35, 11),
(37, 85),
(61, 72),
(77, 9),
(85, 111),
(128, 52),
(7, 43),
(10, 107),
(50, 111),
(16, 108),
(155, 75),
(103, 30),
(91, 58),
(80, 6),
(21, 88),
(157, 109),
(127, 72),
(44, 77),
(67, 4),
(48, 12),
(109, 11),
(153, 31),
(17, 64),
(33, 117),
(3, 80),
(118, 69),
(1, 9),
(64, 36),
(142, 111),
(30, 112),
(38, 31),
(115, 96),
(133, 117);